Date,USD Index,Wood (mil kWh),Waste (mil kWh),Geothermal (mil kWh),Solar (mil kWh),Wind (mil kWh),Total Renewable (mil kWh),Coal (mil kWh),Petroleum (mil kWh),Natural_Gas (mil kWh),Other_Gas (mil kWh),Conventional Hydroelectric Power (mil kWh),Total Oil (mil kWh)
2005-01-01,95.45,3333.0759999999996,1278.347,1252.144,8.668,1131.569,7003.804,177013.907,12190.178,51337.627,1126.191,24272.165,265940.068
2005-02-01,95.698,3055.295,1123.407,1063.014,13.082,966.482,6221.280000000001,155818.014,7314.51,44912.617,1076.0510000000002,21606.773999999998,230727.96600000001
2005-03-01,95.307,3287.717,1277.9289999999999,1204.252,38.157,1560.626,7368.681,163612.7,8351.9,51896.973,1214.487,22936.068,248012.128
2005-04-01,96.234,3035.547,1222.542,1187.134,58.263000000000005,1697.504,7200.99,143083.239,6952.153,52016.28599999999,1121.4589999999998,23058.359,226231.49599999998
2005-05-01,96.47,3100.697,1351.152,1264.308,81.153,1746.43,7543.740000000001,153957.962,6713.918000000001,54826.004,1191.303,27278.511000000002,243967.69800000003
2005-06-01,97.334,3173.505,1329.134,1248.056,88.476,1796.924,7636.094999999999,174866.997,10783.858999999999,75635.493,1149.14,26782.99,289218.479
2005-07-01,97.98700000000001,3417.445,1381.227,1272.697,72.329,1420.942,7564.64,186090.75699999998,13033.243,96819.41,1160.882,25956.842,323061.13399999996
2005-08-01,97.148,3420.414,1348.025,1253.785,75.845,1138.032,7236.101000000001,187573.754,14527.518999999998,100786.65400000001,1171.8110000000001,21565.679,325625.417
2005-09-01,98.022,3258.783,1283.007,1222.6589999999999,61.108000000000004,1468.3470000000002,7293.904,171656.215,12279.15,73355.483,1145.276,17363.683999999997,275799.808
2005-10-01,98.90899999999999,3245.61,1205.376,1247.204,37.665,1446.19,7182.045,162436.793,10177.971,55940.880999999994,1080.067,18006.36,247642.072
2005-11-01,99.04899999999999,3189.85,1290.21,1219.61,12.755,1609.691,7322.115999999999,158797.527,6867.441999999999,49440.225999999995,965.19,19352.668,235423.053
2005-12-01,98.264,3338.4770000000003,1330.037,1256.88,2.793,1827.8139999999999,7756.001,177965.18,13033.171999999999,53992.600999999995,1062.287,22141.157000000003,268194.397
2006-01-01,97.124,3421.613,1388.234,1229.567,12.935,2382.633,8434.982,169236.081,6135.956999999999,43806.920999999995,1156.888,27436.656000000003,247772.50300000003
2006-02-01,97.31299999999999,3051.36,1270.35,1110.817,19.533,1921.9579999999999,7374.018,158616.189,4923.427,47408.989,1113.774,24761.682999999997,236824.062
2006-03-01,97.516,3201.388,1344.34,1261.29,33.404,2358.632,8199.054,161325.115,4013.4640000000004,54921.742,1233.513,24624.609,246118.443
2006-04-01,97.021,2980.116,1226.903,1129.089,52.074,2471.762,7859.9439999999995,141426.234,4690.155,56090.856,1180.022,28555.682999999997,231942.94999999998
2006-05-01,95.1,3039.296,1371.355,1095.6019999999999,70.735,2458.683,8035.670999999999,157009.755,4419.887,65585.605,1295.444,30818.443,259129.13399999996
2006-06-01,96.34100000000001,3133.77,1328.039,1199.177,69.702,2051.766,7782.454,169693.478,5766.446,81060.21,1167.067,29757.284,287444.48500000004
2006-07-01,96.491,3444.309,1399.065,1261.3519999999999,61.656000000000006,1955.0639999999999,8121.446,187820.872,7002.078,108093.51400000001,1267.2839999999999,25439.392000000003,329623.14
2006-08-01,96.056,3477.913,1388.888,1288.9589999999998,82.993,1655.1870000000001,7893.94,189454.93,8359.695,106591.666,1291.5919999999999,21728.354,327426.23699999996
2006-09-01,95.73700000000001,3260.1690000000003,1307.632,1219.458,53.99,1879.144,7720.393,161590.354,4645.373,72673.348,1152.884,17201.461,257263.41999999998
2006-10-01,95.465,3212.5690000000004,1332.484,1275.2269999999999,32.283,2442.13,8294.693,161389.659,4892.61,70640.039,1185.392,17055.177,255162.877
2006-11-01,94.484,3181.9309999999996,1358.8220000000001,1207.438,15.686,2540.489,8304.366,159439.517,4746.863,53439.693,1064.601,20271.723,238962.397
2006-12-01,93.88799999999999,3357.6609999999996,1382.411,1290.052,2.713,2471.69,8504.527,173508.951,4570.460999999999,56128.185999999994,1068.348,21595.951,256871.897
2007-01-01,94.82700000000001,3536.1079999999997,1370.7120000000002,1295.617,12.842,2452.315,8667.594,175739.438,5994.168000000001,61474.532,1154.119,26044.711,270406.968
2007-02-01,94.65,3015.127,1200.214,1122.49,19.244,2519.7929999999997,7876.8679999999995,163602.813,8883.674,57622.070999999996,981.405,18566.633,249656.596
2007-03-01,94.417,3105.695,1373.07,1204.13,48.488,3047.092,8778.475,159811.074,5415.643,56203.820999999996,1233.891,24163.456000000002,246827.885
2007-04-01,93.291,3055.239,1253.621,1157.975,54.464,3171.703,8693.002,146249.541,5080.29,60152.848,1163.0919999999999,23890.583,236536.354
2007-05-01,92.63,3081.027,1348.72,1154.708,84.19200000000001,2952.341,8620.988,157513.281,4873.443,66469.701,1174.573,26046.976000000002,256077.974
2007-06-01,92.359,3213.441,1392.4360000000001,1238.178,84.458,2620.416,8548.929,173512.884,5777.045,81511.451,1153.691,22816.607999999997,284771.679
2007-07-01,90.979,3433.635,1443.056,1250.382,85.79299999999999,2158.3720000000003,8371.238000000001,185053.788,5493.795,97482.67599999999,1154.127,22477.761000000002,311662.147
2007-08-01,91.175,3426.035,1439.539,1254.578,75.163,2699.365,8894.68,190134.81600000002,7186.621,121338.427,1131.65,19940.551,339732.06500000006
2007-09-01,90.096,3289.762,1400.205,1217.726,68.212,2866.722,8842.627000000002,169391.27300000002,4935.786,88531.615,1119.735,14742.534,278720.94299999997
2007-10-01,88.163,3245.6009999999997,1425.648,1264.546,49.233000000000004,3376.54,9361.568,162234.356,4746.874,78358.024,1133.549,14796.434,261269.23700000002
2007-11-01,87.124,3273.3179999999998,1425.131,1210.973,24.302,3095.0359999999996,9028.759999999998,159382.455,3136.467,60636.799000000006,1031.212,15682.053,239868.98599999998
2007-12-01,87.76899999999999,3339.0370000000003,1452.203,1265.9089999999999,5.402,3490.232,9552.783,173829.866,4215.170999999999,66807.828,1022.31,18341.675,264216.85
2008-01-01,87.111,3337.739,1406.7079999999999,1208.838,16.289,4273.185,10242.759,182875.504,4497.816,72599.901,1063.171,20779.131,281815.523
2008-02-01,86.054,3010.026,1364.461,1086.683,35.842,3851.7490000000003,9348.761,166666.355,3669.344,60042.012,972.332,18788.886000000002,250138.929
2008-03-01,84.38600000000001,3123.216,1472.4520000000002,1250.8010000000002,74.6,4782.02,10703.089,160743.24300000002,3151.5,62170.58,1049.452,21668.938,248783.71300000002
2008-04-01,83.95700000000001,2929.938,1503.519,1218.121,94.141,5225.282,10971.001,146983.024,3400.4629999999997,63046.098,1021.23,22233.932,236684.747
2008-05-01,84.30799999999999,2926.978,1474.908,1258.915,98.744,5340.284000000001,11099.829000000002,154915.90099999998,3397.928,62270.447,1043.991,27221.147,248849.41399999996
2008-06-01,84.802,3114.1059999999998,1501.889,1260.302,128.164,5140.376,11144.837,171043.27899999998,4961.967000000001,84619.977,1132.1889999999999,29177.427000000003,290934.83900000004
2008-07-01,84.398,3326.752,1608.425,1278.754,110.87799999999999,4008.401,10333.21,186733.456,4156.6,100320.87800000001,1174.4,25555.086,317940.42000000004
2008-08-01,86.461,3342.45,1529.496,1272.715,105.28200000000001,3264.406,9514.349,180576.49300000002,3810.829,99673.493,1146.944,21229.277000000002,306437.036
2008-09-01,88.575,3059.171,1426.644,1233.687,92.59700000000001,3111.452,8923.551,161356.34699999998,4170.995,79136.03,822.953,16178.192,261664.517
2008-10-01,93.654,3063.953,1489.6170000000002,1276.855,60.243,4756.401,10647.069,151840.715,3286.13,73283.339,806.078,15469.942,244686.20400000003
2008-11-01,94.491,3077.395,1449.293,1233.292,28.848000000000003,4993.646,10782.473999999998,154281.198,3345.1609999999996,61454.199,720.951,15667.934,235469.443
2008-12-01,92.99600000000001,2988.131,1506.3470000000002,1261.013,18.687,6615.899,12390.077000000001,167785.73,4393.879,64363.64599999999,753.185,20861.491,258157.931
2009-01-01,93.777,3030.1409999999996,1462.399,1288.81,7.19,5950.825,11739.364999999998,171925.15,6103.606,66390.113,806.743,23490.296000000002,268715.908
2009-02-01,96.406,2822.827,1357.453,1167.779,30.444000000000003,5852.175,11230.678000000002,140915.785,3317.74,62138.852999999996,783.9789999999999,17812.032,224968.389
2009-03-01,96.618,2918.935,1553.092,1300.335,78.107,7099.063,12949.532,135530.328,3349.302,68202.743,834.4739999999999,21827.453999999998,229744.301
2009-04-01,94.22200000000001,2664.3709999999996,1542.336,1222.104,99.416,7457.696,12985.922999999999,125934.97300000001,2806.6220000000003,61158.674000000006,757.875,25769.807,216427.95100000003
2009-05-01,91.49600000000001,2734.677,1522.219,1235.1860000000001,110.425,6261.960999999999,11864.468,131673.05800000002,3208.7070000000003,68145.647,772.676,29559.655,233359.74300000002
2009-06-01,90.868,2997.452,1558.3970000000002,1208.799,103.413,5599.422,11467.483,148086.771,3243.032,84205.18199999999,875.7869999999999,29233.395,265644.167
2009-07-01,90.43299999999999,3227.118,1628.483,1255.4,121.18799999999999,4954.941,11187.130000000001,158233.869,3357.822,101893.83300000001,966.258,23384.748,287836.52999999997
2009-08-01,89.366,3355.135,1603.78,1251.219,116.291,5464.474,11790.899000000001,163260.483,3641.995,109239.554,1011.6460000000001,19580.417,296734.09500000003
2009-09-01,88.735,3060.667,1501.263,1216.7830000000001,94.994,4650.708,10524.415,137144.64800000002,2853.031,92126.618,1022.27,17358.714,250505.28100000002
2009-10-01,87.59200000000001,3032.086,1533.1860000000001,1221.079,68.101,6813.626,12668.078,139955.577,2560.113,72602.726,959.788,19691.068,235769.272
2009-11-01,87.156,3048.9109999999996,1572.3120000000001,1273.265,40.402,6875.183000000001,12810.073,136809.575,2072.284,63285.132000000005,910.432,21007.701,224085.12400000004
2009-12-01,87.389,3157.8179999999998,1607.6760000000002,1367.9,21.209,6906.058000000001,13060.661,166434.036,2422.261,71589.607,930.179,24729.807999999997,266105.891
2010-01-01,87.40100000000001,3126.163,1502.763,1311.84,9.866,6854.3369999999995,12804.969,173320.16100000002,4348.2,74172.73599999999,909.3910000000001,22383.072,275133.56
2010-02-01,88.406,2894.5640000000003,1382.241,1159.038,32.824,5431.858,10900.525000000001,153044.159,2373.098,66198.08,825.1560000000001,20589.83,243030.32299999997
2010-03-01,87.527,3090.278,1591.67,1306.596,75.999,8589.077,14653.619999999999,144405.633,2470.212,63430.66,1009.675,20885.663,232201.843
2010-04-01,86.925,2932.095,1558.1470000000002,1240.251,112.279,9764.456,15607.228000000001,126951.885,2286.351,64644.025,942.625,19096.663,213921.549
2010-05-01,89.10799999999999,2892.948,1576.629,1310.548,153.172,8697.525,14630.821999999998,143272.494,2994.02,73665.438,1017.2139999999999,25079.217,246028.383
2010-06-01,89.45,3093.7059999999997,1626.765,1263.6760000000002,176.053,8049.021,14209.221,165491.489,3989.252,92268.431,964.284,29853.827,292567.283
2010-07-01,87.977,3308.1740000000004,1640.0729999999999,1273.616,161.382,6723.891,13107.135999999999,179600.49899999998,4411.384,114624.20199999999,963.07,24516.761000000002,324115.91599999997
2010-08-01,87.20700000000001,3318.7259999999997,1642.191,1296.912,156.393,6685.855,13100.077,177745.32,3575.462,121151.269,1060.9089999999999,20119.232,323652.192
2010-09-01,86.27,3157.071,1574.6870000000001,1252.569,137.58100000000002,7105.5019999999995,13227.41,148745.672,2782.6820000000002,93004.177,953.692,17265.206000000002,262751.429
2010-10-01,83.912,3002.77,1547.0629999999999,1222.0,75.436,7943.808000000001,13791.077000000001,132269.835,2227.5570000000002,77738.337,807.935,17682.976000000002,230726.63999999998
2010-11-01,83.955,3080.205,1625.338,1252.33,76.795,9747.619,15782.287,135185.045,2079.442,69226.56,907.138,19561.55,226959.73500000002
2010-12-01,84.59299999999999,3275.46,1649.639,1329.8370000000002,44.401,9059.296999999999,15358.633999999998,167258.086,3523.3540000000003,77573.32,951.698,23169.071,272475.52900000004
2011-01-01,83.56700000000001,3289.926,1514.838,1346.945,39.782,8550.495,14741.986,170802.67899999997,3457.1079999999997,74254.334,929.788,25531.093999999997,274975.00299999997
2011-02-01,82.98899999999999,2937.0290000000005,1426.672,1215.006,85.29899999999999,10451.562,16115.568000000001,138311.157,2434.16,65923.983,807.475,24131.226000000002,231608.001
2011-03-01,82.30799999999999,3080.551,1565.031,1337.484,122.3,10544.646,16650.012000000002,134845.231,2692.4629999999997,65947.12,945.3439999999999,31134.471,235564.629
2011-04-01,81.02600000000001,2797.961,1502.5439999999999,1239.063,164.00599999999997,12421.657,18125.231,124488.257,2423.777,70028.99900000001,917.5360000000001,31194.307,229052.876
2011-05-01,81.05199999999999,2794.342,1563.1789999999999,1317.5479999999998,190.669,11772.161,17637.898999999998,137101.565,2378.474,75242.797,874.6410000000001,32586.926,248184.40300000002
2011-06-01,80.834,3230.0609999999997,1631.6570000000002,1214.562,222.773,10985.069,17284.122,158055.21300000002,2593.715,90691.112,1012.788,32151.214,284504.042
2011-07-01,80.241,3361.934,1689.74,1269.04,191.102,7488.629,14000.445,176585.82,3154.067,119623.591,1098.0430000000001,31284.635,331746.156
2011-08-01,80.789,3383.756,1692.3929999999998,1274.632,229.16299999999998,7473.594,14053.537999999999,171280.53399999999,2594.3089999999997,119855.793,1087.147,25763.577999999998,320581.361
2011-09-01,83.46,3178.4640000000004,1589.088,1225.547,185.72,6869.029,13047.848000000002,140941.149,2423.86,91739.07,1004.4960000000001,21377.592,257486.16700000002
2011-10-01,84.036,2953.9109999999996,1630.97,1280.628,158.86,10525.428999999998,16549.797999999995,126626.97300000001,2062.076,78819.207,941.066,19787.39,228236.712
2011-11-01,84.56200000000001,3087.888,1684.402,1271.218,107.37,12438.553,18589.431,121462.711,1782.601,75441.298,942.8560000000001,20680.527,220309.993
2011-12-01,85.24700000000001,3353.243,1731.249,1324.395,120.654,10655.775,17185.316,132928.716,2185.635,86121.62599999999,1005.0189999999999,23731.944,245972.93999999997
2012-01-01,84.59,3313.6820000000002,1601.15,1263.252,95.32,13632.395,19905.799,129090.99,2477.158,90760.884,1016.5989999999999,23107.181,246452.812
2012-02-01,83.33,3111.455,1503.9679999999998,1193.33,135.24,11051.982,16995.975,113872.04699999999,1901.745,90609.78199999999,1044.233,20283.421000000002,227711.22799999997
2012-03-01,83.694,3033.985,1623.477,1285.149,231.22799999999998,14026.442,20200.281,105525.54699999999,1541.354,92250.653,1076.272,25908.537,226302.363
2012-04-01,83.898,2703.907,1583.2279999999998,1248.299,318.723,12709.239,18563.396,96285.44099999999,1503.233,94828.59599999999,1057.215,26294.124,219968.60899999997
2012-05-01,85.12799999999999,2937.316,1653.6870000000001,1303.996,462.597,12540.523000000001,18898.119,115982.647,1729.816,107351.81199999999,1002.1360000000001,28642.515,254708.92599999998
2012-06-01,86.229,3081.1890000000003,1611.5379999999998,1277.48,527.068,11972.303999999998,18469.578999999998,131261.036,2067.697,115597.50300000001,972.41,26658.751,276557.39700000006
2012-07-01,85.72,3351.847,1721.233,1320.648,509.51,8821.542,15724.779999999999,160450.263,2339.699,138862.85,1042.026,26491.28,329186.118
2012-08-01,85.16,3370.2790000000005,1725.555,1303.839,461.411,8468.912,15329.996000000001,152181.055,2117.982,131735.864,1049.94,23034.015,310118.85599999997
2012-09-01,84.012,3227.466,1626.094,1299.983,458.103,8789.666,15401.311999999998,125588.60800000001,1860.1970000000001,108012.30099999999,903.67,17603.73,253968.50600000002
2012-10-01,83.81700000000001,3112.8790000000004,1715.799,1329.149,431.42699999999996,12635.641000000001,19224.895,120999.339,1805.124,91725.371,894.9580000000001,16500.61,231925.402
2012-11-01,84.09899999999999,3190.3,1684.004,1347.0520000000001,347.276,11648.59,18217.222,128727.06599999999,1809.861,80169.461,875.495,18732.352,230314.235
2012-12-01,83.38799999999999,3364.827,1773.3039999999999,1390.249,348.772,14524.466999999999,21401.619,134078.908,2035.674,83989.097,962.63,22983.707000000002,244050.016
2013-01-01,83.266,3399.7490000000003,1688.273,1381.88,309.824,14738.503999999999,21518.23,138104.821,2774.72,88559.05,1143.596,24828.528,255410.715
2013-02-01,84.12299999999999,3083.028,1502.89,1236.235,432.64300000000003,14075.591,20330.387,123546.805,1997.086,80283.07400000001,968.2260000000001,20418.465,227213.656
2013-03-01,84.521,3299.772,1757.1470000000002,1378.2160000000001,619.399,15755.653,22810.187,130633.56,1997.037,84725.259,1070.052,20534.358,238960.26600000003
2013-04-01,83.925,2863.139,1680.5379999999998,1274.1580000000001,666.7389999999999,17476.273999999998,23960.847999999998,111834.683,1885.463,78036.432,1019.7260000000001,25097.105,217873.409
2013-05-01,84.226,3173.934,1781.204,1307.711,752.707,16238.702,23254.258,119512.5,2411.5879999999997,83815.592,1087.94,28450.093999999997,235277.71399999998
2013-06-01,84.87700000000001,3330.2309999999998,1726.9579999999999,1278.254,870.685,13748.106000000002,20954.234,138283.216,2342.07,99615.064,1047.531,27384.067000000003,268671.948
2013-07-01,85.325,3536.197,1797.266,1336.882,828.847,11093.614,18592.805999999997,152866.853,2812.3059999999996,120770.981,1148.253,27254.572,304852.965
2013-08-01,85.26299999999999,3634.034,1847.46,1322.4360000000001,944.092,9633.884,17381.906,149426.053,2448.499,121156.397,1143.066,21633.316000000003,295807.331
2013-09-01,84.86200000000001,3353.389,1715.7679999999998,1299.3,948.779,11674.081,18991.317000000003,133110.437,2186.1820000000002,102063.23300000001,1086.627,16961.152,255407.63100000002
2013-10-01,83.90799999999999,3340.975,1730.517,1363.499,987.533,13635.018,21057.542,120996.39300000001,2018.4360000000001,88587.40199999999,1071.518,17198.593999999997,229872.343
2013-11-01,84.566,3407.005,1765.37,1230.481,824.352,15803.26,23030.468,120939.73,1839.734,84286.785,1060.373,17676.834,225803.456
2013-12-01,84.74600000000001,3606.085,1837.098,1365.619,850.0210000000001,13967.059,21625.881999999998,141859.665,2451.324,92936.291,1006.028,21128.299,259381.607
2014-01-01,85.527,3626.348,1849.523,1355.016,751.1189999999999,17911.214,25493.22,157097.369,7071.556,91060.93400000001,932.863,21633.795,277796.51700000005
2014-02-01,85.697,3264.603,1686.4379999999999,1206.13,834.992,14008.66,21000.823,143294.487,2762.805,75942.314,817.2360000000001,17396.129,240212.97099999996
2014-03-01,85.62100000000001,3609.094,1850.942,1337.6660000000002,1317.094,17735.883,25850.679000000004,136442.601,3187.887,78150.918,865.6,24257.129,242904.135
2014-04-01,85.197,3230.046,1809.578,1313.535,1487.0970000000002,18635.549,26475.805,109280.59199999999,1753.1970000000001,76781.879,854.188,25439.907000000003,214109.763
2014-05-01,84.881,3289.759,1849.164,1332.361,1749.655,15601.367,23822.306,118785.80099999999,2043.9589999999998,89119.677,944.3969999999999,26543.885,237437.71899999998
2014-06-01,84.958,3622.2709999999997,1826.34,1293.375,1923.326,15798.817,24464.129,137576.922,2020.594,98467.60800000001,968.675,25743.877999999997,264777.677
2014-07-01,84.719,3807.4240000000004,1942.098,1319.5720000000001,1787.6989999999998,12187.392,21044.185,149627.05800000002,2042.1429999999998,115081.27,1068.642,24357.402000000002,292176.515
2014-08-01,85.354,3761.241,1880.356,1329.2089999999998,1879.4820000000002,10170.521,19020.809,148451.62300000002,2050.3089999999997,122348.42300000001,1135.134,19807.247,293792.73600000003
2014-09-01,86.48200000000001,3462.2259999999997,1771.5839999999998,1307.519,1832.261,11519.768,19893.358,126110.385,1948.4660000000001,106581.586,1126.369,16074.327,251841.13299999997
2014-10-01,87.439,3422.2290000000003,1726.276,1345.0910000000001,1716.9229999999998,14507.931,22718.45,111295.95800000001,1517.731,97683.016,1082.258,17159.212,228738.17500000002
2014-11-01,88.675,3507.9190000000003,1690.5179999999998,1362.469,1379.64,18866.929,26807.475,119127.439,1738.049,84353.513,1073.455,18624.923,224917.379
2014-12-01,90.461,3736.565,1766.901,1374.999,1031.744,14711.249,22621.458,124620.116,2095.166,91037.82,1152.97,22328.789,241234.861
2015-01-01,91.964,3716.868,1724.77,1361.915,1155.351,15162.146,23121.050000000003,132450.521,2972.967,101687.39300000001,1246.343,24138.384,262495.608
2015-02-01,93.13799999999999,3371.942,1524.1760000000002,1260.099,1483.5539999999999,14921.545,22561.316,126976.832,6320.621,91315.165,1024.98,22286.076,247923.67400000003
2015-03-01,94.83200000000001,3456.8390000000004,1712.2879999999998,1393.994,2072.257,15307.928999999998,23943.307,108487.539,1778.491,99422.72,1090.601,24280.905,235060.256
2015-04-01,93.80799999999999,3246.405,1729.256,1272.428,2379.118,17867.148999999998,26494.356,88989.14300000001,1727.682,92805.998,979.3330000000001,22470.977000000003,206973.13300000006
2015-05-01,93.17,3337.808,1798.756,1390.151,2504.149,17151.341,26182.205,104584.52699999999,1938.775,101516.355,1098.725,20125.416,229263.79799999998
2015-06-01,93.959,3496.103,1784.078,1301.608,2557.598,13421.266000000001,22560.653000000002,125673.114,1860.497,121477.74900000001,1117.609,20414.084,270543.053
2015-07-01,95.544,3806.4790000000003,1988.7779999999998,1356.727,2627.0640000000003,13675.448999999999,23454.496999999996,139099.869,2304.18,141119.081,1235.443,21014.221,304772.79400000005
2015-08-01,97.17200000000001,3788.241,1921.4279999999999,1344.1429999999998,2687.553,13080.028,22821.393,134670.309,2133.2070000000003,139083.75400000002,1195.578,19122.105,296204.953
2015-09-01,97.66,3450.341,1805.487,1202.861,2217.124,13971.567,22647.379999999997,117985.632,2034.306,123035.92199999999,1210.12,16094.122,260360.10199999998
2015-10-01,96.736,3252.216,1843.156,1323.0320000000002,1909.58,16380.038999999999,24708.023,96758.504,1771.192,110005.039,906.4780000000001,16630.402,226071.615
2015-11-01,98.21799999999999,3417.873,1901.943,1333.628,1729.661,19681.716,28064.821,87227.136,1709.888,102236.255,901.669,19337.831000000002,211412.779
2015-12-01,98.991,3587.3909999999996,1969.256,1376.9879999999998,1569.895,20098.373,28601.903,89495.073,1696.944,109776.679,1109.818,23165.562,225244.076
2016-01-01,101.167,3600.264,1794.55,1332.006,1485.8020000000001,18466.402,26679.023999999998,113459.38,2361.453,110043.74699999999,1194.85,25614.542,252673.972
2016-02-01,99.87799999999999,3406.39,1708.3029999999999,1243.384,2241.563,20138.228,28737.868,92704.808,2209.303,98552.179,1061.558,24139.015,218666.863
2016-03-01,97.876,3402.833,1809.2179999999998,1315.1589999999999,2617.452,21939.409,31084.071,72172.527,1801.055,103889.93800000001,1197.353,27389.877,206450.75000000003
2016-04-01,96.43299999999999,2967.005,1811.485,1208.97,2879.6820000000002,20799.303,29666.445,72112.86200000001,1839.05,98875.94699999999,1132.001,25878.029,199837.889
2016-05-01,97.495,3187.1279999999997,1909.011,1341.84,3425.183,18847.898999999998,28711.060999999998,81694.51,1958.154,110430.192,1053.317,25486.381,220622.55399999997
2016-06-01,97.926,3413.563,1794.4660000000001,1251.393,3473.498,16303.441,26236.361,116034.384,1976.789,131395.229,1043.219,23236.867000000002,273686.488
2016-07-01,98.463,3657.698,1840.408,1311.215,3944.7929999999997,17618.357,28372.470999999998,136316.434,2321.549,151553.872,1076.8519999999999,21455.321,312724.028
2016-08-01,97.69200000000001,3722.236,1860.309,1324.264,3969.1859999999997,13589.326000000001,24465.321,135634.733,2335.4629999999997,154759.673,1063.922,19569.549,313363.34
2016-09-01,98.367,3407.3579999999997,1756.636,1326.6760000000002,3635.0690000000004,16403.64,26529.379,114137.76800000001,1926.135,125602.74,1020.329,16367.684,259054.65600000002
2016-10-01,99.29899999999999,3176.083,1693.104,1353.1670000000001,3191.224,20335.39,29748.968,99193.944,1571.3770000000002,102897.98599999999,913.2439999999999,17338.857,221915.40799999997
2016-11-01,101.648,3391.222,1891.249,1363.85,2767.1440000000002,19405.642,28819.107,86940.462,1869.0720000000001,93941.835,1013.326,18808.265,202572.96000000002
2016-12-01,103.33,3615.449,1944.4920000000002,1453.884,2423.5229999999997,23145.525,32582.873,118746.84199999999,2035.406,96363.59599999999,1037.462,22527.765,240711.071
2017-01-01,103.089,3502.178,1897.391,1406.967,2323.986,20798.771,29929.293,115332.808,2045.775,95572.229,1046.5639999999999,26627.881,240625.257
2017-02-01,101.779,3185.5209999999997,1697.118,1238.872,2751.199,22091.109,30963.819,86822.19,1591.8829999999998,82767.651,977.6439999999999,23881.765,196041.13299999997
2017-03-01,101.08,3455.802,1847.569,1387.185,4514.085,25730.617000000002,36935.258,89364.62,1655.495,95073.662,1060.248,29613.195,216767.22
2017-04-01,100.085,3146.3759999999997,1741.69,1341.221,4906.678,25377.943,36513.907999999996,81335.313,1290.6680000000001,88455.101,1001.36,29409.466,201491.908
2017-05-01,99.53299999999999,3188.454,1849.796,1301.858,5785.026999999999,23067.639,35192.774,92776.541,1816.995,98019.311,1055.752,32607.115,226275.714
2017-06-01,98.229,3437.011,1796.52,1283.75,6115.379,20141.747,32774.407,107508.32199999999,1892.864,117235.701,992.9760000000001,30575.296000000002,258205.15899999999
2017-07-01,96.8,3702.8959999999997,1823.779,1372.704,5569.106,16119.996000000001,28588.481,127697.82,1809.594,146929.439,1047.488,26598.247000000003,304082.588
2017-08-01,95.84700000000001,3750.5679999999998,1824.891,1362.996,5368.536999999999,13878.848,26185.839999999997,119488.385,1733.1070000000002,141201.138,1133.26,22033.856,285589.74600000004
2017-09-01,95.101,3291.7509999999997,1702.546,1331.503,5059.441,17911.775,29297.016,98202.046,1643.037,118035.852,1059.443,19151.755,238092.133
2017-10-01,96.66,3303.263,1727.8529999999998,1214.124,4649.673,24368.702999999998,35263.615999999995,89775.524,1545.345,106826.275,998.1669999999999,17698.179,216843.49
2017-11-01,96.81200000000001,3426.085,1804.8410000000001,1304.684,3208.7490000000003,22614.867000000002,32359.226000000002,90986.339,1669.858,94928.341,1001.041,19888.334,208473.913
2017-12-01,96.46799999999999,3733.613,1895.898,1380.91,3035.005,22200.681,32246.107,106545.367,2695.323,111397.79199999999,1095.024,22247.842,243981.348
2018-01-01,94.316,3685.99,1816.6070000000002,1341.307,3318.975,25598.822,35761.701,119284.115,6519.897,110292.909,1096.622,25064.077,262257.62
2018-02-01,94.721,3234.9509999999996,1716.0639999999999,1274.093,3896.414,23189.488999999998,33311.011,82050.182,1557.624,98511.852,1092.121,24902.257999999998,208114.037
2018-03-01,95.005,3547.442,1821.764,1366.753,5056.238,26463.703999999998,38255.901,80625.663,1471.84,106523.78,1158.37,25860.604,215640.25699999998
2018-04-01,94.999,3101.87,1725.6979999999999,1187.937,6056.727,26430.857000000004,38503.08900000001,73346.006,1538.279,98371.08,1098.511,28115.155,202469.031
2018-05-01,97.524,3351.715,1731.5620000000001,1382.62,6849.012,23953.127999999997,37268.037,85227.3,1556.805,115283.98199999999,1167.264,30444.284,233679.635
2018-06-01,99.022,3470.7490000000003,1719.995,1299.835,7414.6669999999995,24702.856,38608.102,101503.427,1900.568,130826.4,1091.26,27597.487999999998,262919.143
2018-07-01,99.335,3749.4559999999997,1750.031,1369.611,6754.876,16446.574,30070.548,115376.37599999999,1901.0079999999998,164749.06,1171.62,25099.529,308297.593
2018-08-01,100.281,3629.802,1757.519,1367.055,6695.408,19846.436999999998,33296.221,115129.45599999999,1926.7060000000001,161676.241,1301.002,22016.905,302050.30999999994
2018-09-01,100.262,3280.616,1589.557,1327.908,5960.901,18519.671000000002,30678.653000000002,96543.992,1854.029,141785.52800000002,1104.358,19165.621,260453.528
2018-10-01,100.913,3215.9440000000004,1743.386,1273.09,4969.691,21193.897999999997,32396.009,87263.627,1576.7089999999998,123142.239,1016.002,19548.191000000003,232546.768
2018-11-01,101.984,3263.571,1724.295,1330.844,3742.765,22015.734,32077.209000000003,92818.594,1661.1329999999998,108167.635,1045.119,21912.716,225605.197
2018-12-01,102.00299999999999,3404.054,1799.287,1446.0810000000001,3109.64,24306.284,34065.346,100318.6,1761.02,109801.976,1120.499,22797.161,235799.25600000002
2019-01-01,100.40100000000001,3533.21,1612.4579999999999,1421.546,3655.1890000000003,25121.683999999997,35344.087,101007.931,2198.078,119306.715,1114.5230000000001,24209.767000000003,247837.01399999997
2019-02-01,100.40299999999999,3165.172,1453.68,1307.982,3826.741,23000.43,32754.005,80104.492,1552.487,111004.76400000001,1110.37,21826.166,215598.279
2019-03-01,100.772,3257.0,1589.539,1437.009,5909.724,26115.747000000003,38309.019,78516.40400000001,1461.997,112945.07400000001,1250.899,25546.144,219720.51800000004
2019-04-01,100.74600000000001,3027.119,1464.037,1239.036,6835.483,29710.637000000002,42276.312000000005,60007.704000000005,1234.403,103005.959,1071.032,25483.404,190802.502
2019-05-01,101.603,3365.113,1541.503,1347.171,7191.398,25973.432999999997,39418.618,71882.572,1689.977,116236.162,1101.396,30060.652000000002,220970.75900000002
2019-06-01,101.134,3338.6820000000002,1553.75,1362.329,8005.559,22947.492000000002,37207.812000000005,78609.515,1530.983,136993.984,1025.048,26468.797000000002,244628.327
2019-07-01,100.915,3569.2729999999997,1587.295,1411.632,8168.61,22024.187,36760.997,100981.204,1775.3410000000001,174340.987,1289.984,23729.755,302117.271
2019-08-01,102.809,3717.0009999999997,1601.6760000000002,1409.4720000000002,7887.784000000001,19869.229,34485.162,94177.21800000001,1770.818,176457.797,1202.099,21041.242000000002,294649.174
2019-09-01,102.766,3282.4,1506.0839999999998,1384.4489999999998,6752.219,24385.394,37310.546,85918.411,1579.989,150752.719,1138.981,16323.716999999999,255713.817
2019-10-01,102.20299999999999,3081.458,1565.47,1276.961,6130.609,28136.357999999997,40190.856,66828.543,1152.642,133667.036,997.29,16291.714,218937.22500000003
2019-11-01,101.954,3106.903,1497.4560000000001,1111.654,4376.6,25603.482000000004,35696.095,75560.454,1249.9660000000001,117762.159,1196.105,20519.976000000002,216288.66
2019-12-01,101.464,3407.44,1588.443,1301.345,3494.258,27182.955,36974.441000000006,72553.902,1370.231,129341.72,1136.387,22206.034,226608.27399999998
